{"cameraMode":{"drawMode":0,"name":"Shaded","section":"Shading Mode"},"sceneLighting":true,"audioPlay":false,"sceneViewState":{"showFog":true,"showMaterialUpdate":false,"showSkybox":false,"showFlares":true,"showImageEffects":true,"showParticleSystems":true},"in2DMode":false,"pivot":{"x":-21.270000457763673,"y":35.09000015258789,"z":5.25},"rotation":{"x":-0.12150396406650543,"y":0.009525862522423268,"z":-0.001166022615507245,"w":-0.9925445914268494},"size":40.010372161865237,"orthographic":false}