{"cameraMode":{"drawMode":0,"name":"Shaded","section":"Shading Mode"},"sceneLighting":false,"audioPlay":false,"sceneViewState":{"showFog":false,"showMaterialUpdate":false,"showSkybox":false,"showFlares":false,"showImageEffects":false,"showParticleSystems":false},"in2DMode":false,"pivot":{"x":3.370967388153076,"y":17.734102249145509,"z":5.338364124298096},"rotation":{"x":-0.13318945467472077,"y":0.05705087631940842,"z":-0.007679777219891548,"w":-0.989418089389801},"size":10.476523399353028,"orthographic":false}