{"cameraMode":{"drawMode":0,"name":"Shaded","section":"Shading Mode"},"sceneLighting":false,"audioPlay":false,"sceneViewState":{"showFog":false,"showMaterialUpdate":false,"showSkybox":false,"showFlares":false,"showImageEffects":false,"showParticleSystems":false},"in2DMode":false,"pivot":{"x":8.096813201904297,"y":21.3001766204834,"z":0.4219818115234375},"rotation":{"x":0.012452473863959313,"y":-0.798393726348877,"z":-0.016521606594324113,"w":-0.6017847657203674},"size":35.372230529785159,"orthographic":false}