{"cameraMode":{"drawMode":0,"name":"Shaded","section":"Shading Mode"},"sceneLighting":false,"audioPlay":false,"sceneViewState":{"showFog":false,"showMaterialUpdate":false,"showSkybox":false,"showFlares":false,"showImageEffects":false,"showParticleSystems":false},"in2DMode":false,"pivot":{"x":0.7206845283508301,"y":20.18374252319336,"z":-4.263181686401367},"rotation":{"x":-0.018843280151486398,"y":0.25886544585227969,"z":-0.005051198415458202,"w":-0.9657214879989624},"size":6.363501071929932,"orthographic":false}