{"cameraMode":{"drawMode":0,"name":"Shaded","section":"Shading Mode"},"sceneLighting":false,"audioPlay":false,"sceneViewState":{"showFog":false,"showMaterialUpdate":false,"showSkybox":false,"showFlares":false,"showImageEffects":false,"showParticleSystems":false},"in2DMode":false,"pivot":{"x":-4.8949713706970219,"y":12.018993377685547,"z":-0.5928194522857666},"rotation":{"x":-0.004659883677959442,"y":0.9768517017364502,"z":-0.21281853318214417,"w":-0.021395951509475709},"size":6.741276741027832,"orthographic":false}