{"cameraMode":{"drawMode":0,"name":"Shaded","section":"Shading Mode"},"sceneLighting":false,"audioPlay":false,"sceneViewState":{"showFog":false,"showMaterialUpdate":false,"showSkybox":false,"showFlares":false,"showImageEffects":false,"showParticleSystems":false},"in2DMode":false,"pivot":{"x":4.333237648010254,"y":19.80221176147461,"z":2.331117630004883},"rotation":{"x":-0.1859569102525711,"y":-0.3032795488834381,"z":0.0604713000357151,"w":-0.932625412940979},"size":13.902809143066407,"orthographic":false}