{"cameraMode":{"drawMode":0,"name":"Shaded","section":"Shading Mode"},"sceneLighting":true,"audioPlay":false,"sceneViewState":{"showFog":true,"showMaterialUpdate":false,"showSkybox":true,"showFlares":true,"showImageEffects":true,"showParticleSystems":true},"in2DMode":false,"pivot":{"x":-12.961737632751465,"y":27.282203674316408,"z":8.989856719970704},"rotation":{"x":-0.1095849871635437,"y":0.8740991353988648,"z":-0.23235154151916505,"w":-0.41225552558898928},"size":17.76210594177246,"orthographic":false}