{"cameraMode":{"drawMode":0,"name":"Shaded","section":"Shading Mode"},"sceneLighting":true,"audioPlay":false,"sceneViewState":{"showFog":true,"showMaterialUpdate":false,"showSkybox":true,"showFlares":true,"showImageEffects":true,"showParticleSystems":true},"in2DMode":false,"pivot":{"x":-4.47688627243042,"y":1.6262054443359376,"z":21.770771026611329},"rotation":{"x":-0.1095849871635437,"y":0.8740991353988648,"z":-0.23235154151916505,"w":-0.41225552558898928},"size":29.469436645507814,"orthographic":false}